Date,AAPL,CHTR,CMCSA,CSCO,HPE,MSFT,NVDA,T,TMUS,VZ,^GSPC
2018-12-31,37.49604034423828,284.9700012207031,28.53707504272461,35.152732849121094,10.645439147949219,95.03365325927734,3.3097317218780518,13.008454322814941,61.4539909362793,38.29881286621094,2506.85009765625
2019-01-02,37.53881072998047,287.989990234375,28.805265426635742,34.84444808959961,10.846904754638672,94.61260986328125,3.377166271209717,13.464252471923828,63.048065185546875,38.162574768066406,2510.030029296875
2019-01-03,33.799678802490234,287.5,29.03154754638672,33.57722854614258,10.621262550354004,91.13200378417969,3.1731278896331787,13.48248291015625,62.816192626953125,38.29881286621094,2447.889892578125
2019-01-04,35.24256896972656,302.739990234375,30.012123107910156,35.08970642089844,11.12089729309082,95.3705062866211,3.37642240524292,13.828889846801758,65.20247650146484,38.39419174194336,2531.93994140625
2019-01-07,35.16412353515625,301.4700012207031,29.693639755249023,35.326805114746094,11.338480949401855,95.49211120605469,3.5551726818084717,14.07957935333252,66.12026977539062,38.63943099975586,2549.68994140625
2019-01-08,35.8344612121582,300.7099914550781,29.936691284179688,35.61296081542969,11.12089729309082,96.18451690673828,3.466665267944336,14.25733757019043,65.47298431396484,39.7702751159668,2574.409912109375
2019-01-09,36.44298553466797,297.6400146484375,30.221641540527344,35.41674041748047,11.330422401428223,97.55988311767578,3.5348434448242188,14.02219295501709,65.4246826171875,39.26985168457031,2584.9599609375
2019-01-10,36.55946731567383,292.6700134277344,30.020498275756836,35.35133743286133,11.386832237243652,96.93301391601562,3.6005425453186035,14.161951065063477,65.65656280517578,39.64844512939453,2596.639892578125
2019-01-11,36.20052719116211,294.5400085449219,29.86126136779785,35.555728912353516,11.47547721862793,96.18451690673828,3.689793348312378,14.380902290344238,66.66130065917969,39.93754196166992,2596.260009765625
2019-01-14,35.65616989135742,291.55999755859375,29.97859764099121,35.326805114746094,11.411008834838867,95.48278045654297,3.729708671569824,14.26443862915039,65.60826110839844,39.944435119628906,2582.610107421875
2019-01-15,36.38593292236328,294.0,30.02888298034668,35.98902893066406,11.636648178100586,98.25225830078125,3.7155773639678955,14.255118370056152,64.8643569946289,39.992610931396484,2610.300048828125
2019-01-16,36.830448150634766,293.80999755859375,30.087553024291992,35.93996810913086,11.539946556091309,98.59847259521484,3.6900415420532227,14.236489295959473,64.42959594726562,39.29051971435547,2616.10009765625
2019-01-17,37.049137115478516,294.4100036621094,30.095932006835938,36.14436721801758,11.499652862548828,99.29084014892578,3.761441946029663,14.27375316619873,64.0045166015625,39.11841583251953,2635.9599609375
2019-01-18,37.27735137939453,291.3999938964844,30.34735679626465,36.81476593017578,11.830055236816406,100.77851867675781,3.8906092643737793,14.422828674316406,64.69044494628906,39.29738998413086,2670.7099609375
2019-01-22,36.440616607666016,284.9700012207031,29.308116912841797,36.61036682128906,11.644707679748535,98.87918090820312,3.6883058547973633,14.245806694030762,64.56485748291016,39.22855758666992,2632.89990234375
2019-01-23,36.587989807128906,284.5299987792969,30.917259216308594,37.16632843017578,11.636648178100586,99.84286499023438,3.701197862625122,14.390220642089844,65.50198364257812,39.75857162475586,2638.699951171875
2019-01-24,36.2979850769043,287.5799865722656,30.372499465942383,37.28894805908203,11.894523620605469,99.36568450927734,3.9131689071655273,14.255118370056152,66.33283233642578,39.28362274169922,2642.330078125
2019-01-25,37.50078201293945,291.4100036621094,29.986974716186523,37.714088439941406,12.36998462677002,100.27326202392578,3.9704387187957764,14.283069610595703,66.158935546875,38.82243728637695,2664.760009765625
2019-01-28,37.15373229980469,290.8599853515625,29.643360137939453,37.40341567993164,12.619800567626953,98.31775665283203,3.421543836593628,14.287732124328613,65.32809448242188,37.90693283081055,2643.85009765625
2019-01-29,36.768646240234375,289.7799987792969,30.238401412963867,37.575096130371094,12.386102676391602,96.31549072265625,3.262626886367798,14.301703453063965,65.48265075683594,36.674808502197266,2640.0
2019-01-30,39.281227111816406,289.9100036621094,29.693639755249023,38.188262939453125,12.506978988647461,99.5340805053711,3.406172513961792,13.68211841583252,66.00434875488281,37.17041778564453,2681.050048828125
2019-01-31,39.564083099365234,331.04998779296875,30.649065017700195,38.66244888305664,12.56338882446289,97.70963287353516,3.563849925994873,14.003552436828613,67.26029205322266,37.90004348754883,2704.10009765625
2019-02-01,39.58311462402344,340.95001220703125,30.833457946777344,38.703330993652344,12.643975257873535,96.16578674316406,3.588146448135376,13.975610733032227,67.26995086669922,37.54899978637695,2706.530029296875
2019-02-04,40.70746994018555,337.0,30.816688537597656,38.71150207519531,12.724565505981445,98.935302734375,3.6984708309173584,13.793927192687988,67.05740356445312,37.19794464111328,2724.8701171875
2019-02-05,41.4039421081543,340.70001220703125,31.135168075561523,38.63793182373047,12.805150032043457,100.32005310058594,3.717559814453125,13.803241729736328,64.58417510986328,37.266780853271484,2737.699951171875
2019-02-06,41.41820526123047,343.510009765625,31.15192413330078,38.817787170410156,12.966320037841797,99.20663452148438,3.79317569732666,13.770631790161133,64.6711196899414,37.02586364746094,2731.610107421875
2019-02-07,40.63377380371094,344.510009765625,31.579355239868164,38.18009567260742,12.772912979125977,98.49552154541016,3.654836654663086,13.719388008117676,65.96570587158203,36.87442398071289,2706.050048828125
2019-02-08,40.681514739990234,344.1600036621094,31.512306213378906,38.5806999206543,12.829323768615723,98.86980438232422,3.6734304428100586,13.765975952148438,66.06232452392578,37.135990142822266,2707.8798828125
2019-02-11,40.44757080078125,337.82000732421875,31.00945472717285,38.89955139160156,12.764856338500977,98.4768295288086,3.630788803100586,13.8405122756958,66.12026977539062,37.204830169677734,2709.800048828125
2019-02-12,40.796112060546875,340.3999938964844,31.21059226989746,39.152984619140625,12.893795013427734,100.01127624511719,3.7478067874908447,13.887097358703613,67.240966796875,37.45951843261719,2744.72998046875
2019-02-13,40.62661361694336,338.489990234375,31.034587860107422,38.834144592285156,12.934088706970215,99.93643188476562,3.790201425552368,13.901073455810547,66.72893524169922,37.50081253051758,2753.030029296875
2019-02-14,40.77463150024414,341.6000061035156,31.22735023498535,39.5699462890625,12.885735511779785,100.02062225341797,3.8311078548431396,13.877778053283691,68.1104507446289,37.191062927246094,2745.72998046875
2019-02-15,40.683902740478516,349.05999755859375,31.654781341552734,40.41203308105469,12.966320037841797,101.25569152832031,3.900773525238037,14.194560050964355,69.6079330444336,37.96888732910156,2775.60009765625
2019-02-19,40.80564880371094,348.42999267578125,31.47040557861328,40.59189987182617,12.966320037841797,101.20890045166016,3.8834187984466553,14.269099235534668,70.06199645996094,38.16162109375,2779.760009765625
2019-02-20,41.068260192871094,349.760009765625,31.67153549194336,40.5755500793457,12.934088706970215,100.68269348144531,3.9307711124420166,14.371582984924316,70.2842025756836,38.38189697265625,2784.699951171875
2019-02-21,40.83669662475586,349.5400085449219,32.24144744873047,40.39568328857422,13.079137802124023,102.80632019042969,3.8618500232696533,14.36227035522461,70.92183685302734,38.650352478027344,2774.8798828125
2019-02-22,41.292659759521484,350.0799865722656,32.3587760925293,40.96798324584961,13.151670455932617,104.27213287353516,3.9466381072998047,14.511343955993652,70.71894073486328,39.18037414550781,2792.669921875
2019-02-25,41.59346008300781,348.8999938964844,32.325252532958984,41.52391815185547,13.50624942779541,104.85472106933594,3.9342427253723145,14.50202465057373,70.57402801513672,39.08399963378906,2796.110107421875
2019-02-26,41.61732864379883,346.32000732421875,32.51801681518555,41.8427734375,13.538485527038574,105.5782470703125,3.8948233127593994,14.543947219848633,70.07166290283203,38.98762893676758,2793.89990234375
2019-02-27,41.74625015258789,345.0299987792969,32.29172897338867,42.1779670715332,13.457898139953613,105.39974975585938,3.8529253005981445,14.469415664672852,69.6755599975586,39.042701721191406,2792.3798828125
2019-02-28,41.335628509521484,344.9100036621094,32.409061431884766,42.32512664794922,13.200020790100098,105.26817321777344,3.828355312347412,14.497365951538086,69.76251220703125,39.18037414550781,2784.489990234375
2019-03-01,41.77011489868164,346.5799865722656,32.76945114135742,42.03080368041992,13.200020790100098,105.73799896240234,3.882706642150879,14.3576078414917,69.8880844116211,39.20790481567383,2803.68994140625
2019-03-04,41.98019790649414,346.1000061035156,32.459354400634766,41.826412200927734,13.022732734680176,105.4842758178711,3.8908960819244385,13.966294288635254,69.22149658203125,38.712303161621094,2792.81005859375
2019-03-05,41.903812408447266,343.75,32.45096206665039,41.940879821777344,13.006614685058594,104.95809173583984,3.8844430446624756,13.952316284179688,68.9896240234375,38.60216522216797,2789.64990234375
2019-03-06,41.66268539428711,340.55999755859375,32.3587760925293,42.24336242675781,12.861560821533203,105.00507354736328,3.7735090255737305,13.887097358703613,68.38097381591797,38.32683181762695,2771.449951171875
2019-03-07,41.18047332763672,340.0299987792969,32.166015625,41.93269729614258,12.627859115600586,103.7271499633789,3.704267740249634,13.938342094421387,68.90267181396484,38.75358963012695,2748.929931640625
2019-03-08,41.278343200683594,337.5400085449219,32.006771087646484,41.752830505371094,12.579505920410156,103.83991241455078,3.738515615463257,13.956976890563965,68.25536346435547,38.911922454833984,2743.070068359375
2019-03-11,42.70832061767578,341.0799865722656,32.8281135559082,42.44776153564453,12.805150032043457,106.0198974609375,3.999100685119629,14.078096389770508,69.0475845336914,39.63468551635742,2783.300048828125
2019-03-12,43.18815612792969,342.510009765625,33.0963134765625,42.635799407958984,12.426116943359375,106.76222229003906,4.033349990844727,14.269099235534668,69.26979064941406,39.53142547607422,2791.52001953125
2019-03-13,43.3791389465332,348.1300048828125,33.154972076416016,42.99552536010742,12.596559524536133,107.58908081054688,4.184735298156738,14.10604476928711,69.8011474609375,39.689735412597656,2810.919921875
2019-03-14,43.861358642578125,352.7099914550781,33.41478729248047,43.1181640625,12.710186958312988,107.67363739013672,4.108794689178467,14.10604476928711,69.8880844116211,39.88935852050781,2808.47998046875
2019-03-15,44.43193054199219,355.9200134277344,33.917633056640625,43.494239807128906,13.04295539855957,108.91397857666016,4.214267730712891,14.287732124328613,70.97013092041016,40.19223403930664,2822.47998046875
2019-03-18,44.88551330566406,357.3500061035156,33.45668029785156,43.7476806640625,12.856279373168945,110.47378540039062,4.192924499511719,14.348294258117676,71.18267822265625,39.97195816040039,2832.93994140625
2019-03-19,44.52980041503906,360.45001220703125,33.33934783935547,43.58418273925781,12.888747215270996,110.54894256591797,4.360692024230957,14.292387962341309,70.12960815429688,39.57960891723633,2832.570068359375
2019-03-20,44.91893768310547,362.44000244140625,33.07954788208008,43.54328918457031,12.88062858581543,110.42678833007812,4.328180313110352,14.2131929397583,69.61758422851562,39.696624755859375,2824.22998046875
2019-03-21,46.57331085205078,366.2699890136719,33.56562423706055,44.09923553466797,13.002376556396484,112.9638442993164,4.564940452575684,14.469415664672852,69.8108139038086,40.12339782714844,2854.8798828125
2019-03-22,45.608856201171875,360.7799987792969,33.0711555480957,43.1181640625,12.409881591796875,109.98518371582031,4.405116081237793,14.474071502685547,69.4630126953125,41.13526153564453,2800.7099609375
2019-03-25,45.057369232177734,356.8399963378906,32.83649826049805,43.1099967956543,12.296253204345703,110.55838775634766,4.312794208526611,14.33431625366211,69.8591079711914,41.355525970458984,2798.360107421875
2019-03-26,44.591880798339844,356.0299987792969,33.21363830566406,43.51875305175781,12.426116943359375,110.79328155517578,4.38947868347168,14.623147964477539,70.85420227050781,41.734127044677734,2818.4599609375
2019-03-27,44.9929313659668,355.510009765625,33.699729919433594,43.44518280029297,12.385534286499023,109.72207641601562,4.380298137664795,14.627801895141602,69.7914810180664,41.90619659423828,2805.3701171875
2019-03-28,45.052616119384766,352.8699951171875,33.875736236572266,43.62504577636719,12.385534286499023,109.87242126464844,4.398911476135254,14.446125030517578,66.80622863769531,40.66718673706055,2815.43994140625
2019-03-29,45.34625244140625,346.9100036621094,33.5069694519043,44.140106201171875,12.523512840270996,110.82146453857422,4.456239700317383,14.609170913696289,66.7579116821289,40.701602935791016,2834.39990234375
2019-04-01,45.65420150756836,346.2200012207031,33.78355407714844,44.94950866699219,12.904980659484863,111.8362808227539,4.52374267578125,14.884026527404785,67.59843444824219,40.67406463623047,2867.18994140625
2019-04-02,46.317874908447266,346.6300048828125,33.71613693237305,45.20293426513672,12.840049743652344,111.99600219726562,4.541611671447754,14.734951972961426,67.36656951904297,40.28859329223633,2867.239990234375
2019-04-03,46.63539123535156,345.3699951171875,33.9267578125,45.48091506958008,12.864398002624512,112.72896575927734,4.681087017059326,14.84675407409668,66.66130065917969,40.52263259887695,2873.39990234375
2019-04-04,46.71654510498047,345.7200012207031,34.044715881347656,45.36572265625,13.04295539855957,112.15572357177734,4.672152042388916,14.89799976348877,67.67572021484375,40.60524368286133,2879.389892578125
2019-04-05,47.02927017211914,351.44000244140625,34.05312728881836,45.42332077026367,13.107887268066406,112.6537857055664,4.73891019821167,15.070363998413086,67.96553802490234,40.67406463623047,2892.739990234375
2019-04-08,47.76933288574219,354.1400146484375,34.29745864868164,45.653690338134766,13.14035415649414,112.69137573242188,4.759757995605469,15.088996887207031,68.81571197509766,40.701602935791016,2895.77001953125
2019-04-09,47.6260871887207,354.55999755859375,34.575469970703125,45.398643493652344,12.945560455322266,112.08056640625,4.696970462799072,15.105765342712402,68.99927520751953,40.61328887939453,2878.199951171875
2019-04-10,47.89346694946289,354.3500061035156,34.60917663574219,45.925193786621094,13.205284118652344,112.93566131591797,4.767452239990234,15.167617797851562,69.71420288085938,40.75931930541992,2888.2099609375
2019-04-11,47.49479293823242,355.25,34.575469970703125,45.74418640136719,13.205284118652344,113.06720733642578,4.7535529136657715,15.319863319396973,70.5257339477539,40.72455596923828,2888.320068359375
2019-04-12,47.475704193115234,356.04998779296875,34.79451370239258,46.3118896484375,13.310797691345215,113.6497573852539,4.7155842781066895,15.319863319396973,71.21165466308594,40.8497314453125,2907.409912109375
2019-04-15,47.561649322509766,357.3399963378906,35.198909759521484,46.53401184082031,13.383844375610352,113.74373626708984,4.58380126953125,15.23421859741211,71.2889404296875,40.82886505126953,2905.580078125
2019-04-16,47.5664176940918,358.04998779296875,35.35898208618164,46.854881286621094,13.473124504089355,113.48062896728516,4.6709113121032715,15.34365177154541,71.58843994140625,40.88450241088867,2907.06005859375
2019-04-17,48.492671966552734,361.69000244140625,35.864471435546875,46.328330993652344,13.448772430419922,114.4202880859375,4.648079872131348,15.20091724395752,70.0040283203125,40.182125091552734,2900.449951171875
2019-04-18,48.66694641113281,359.3699951171875,35.746517181396484,46.402381896972656,13.521820068359375,115.92371368408203,4.623510837554932,15.238980293273926,71.25029754638672,40.36293029785156,2905.030029296875
2019-04-22,48.8268928527832,358.04998779296875,35.38426208496094,46.35301208496094,13.465005874633789,116.29016876220703,4.677364349365234,15.262774467468262,71.22132110595703,40.592411041259766,2907.969970703125
2019-04-23,49.53114700317383,358.6300048828125,35.37583541870117,46.640960693359375,13.416311264038086,117.86878204345703,4.73196268081665,15.272284507751465,71.25029754638672,39.743988037109375,2933.679931640625
2019-04-24,49.454750061035156,360.5,35.25788116455078,46.79729080200195,13.205284118652344,117.46473693847656,4.744370460510254,14.649023056030273,70.84454345703125,39.6953125,2927.25
2019-04-25,49.00593185424805,366.760009765625,36.16775131225586,46.344791412353516,12.994260787963867,121.35482025146484,4.638647079467773,14.434925079345703,70.24555969238281,38.83992385864258,2926.169921875
2019-04-26,48.77199172973633,370.1499938964844,36.29414367675781,45.97456741333008,12.799467086791992,122.05018615722656,4.419758319854736,14.596689224243164,70.44844055175781,39.347599029541016,2939.8798828125
2019-04-29,48.84598922729492,370.9700012207031,36.605857849121094,46.18024826049805,12.750768661499023,121.93743133544922,4.45053243637085,14.69184684753418,71.10539245605469,39.52841567993164,2943.030029296875
2019-04-30,47.90541458129883,371.19000244140625,36.67325210571289,46.032142639160156,12.831933975219727,122.71736907958984,4.491978168487549,14.729903221130371,70.51606750488281,39.771827697753906,2945.830078125
2019-05-01,50.256874084472656,371.0400085449219,36.58057403564453,45.727745056152344,12.81570053100586,120.16150665283203,4.478823184967041,14.649023056030273,71.08607482910156,39.30586624145508,2923.72998046875
2019-05-02,49.92981719970703,370.4100036621094,35.93186569213867,45.20119094848633,12.775118827819824,118.59227752685547,4.546327114105225,14.56814193725586,71.11505889892578,39.632728576660156,2917.52001953125
2019-05-03,50.55049514770508,377.67999267578125,36.47105026245117,45.20119094848633,12.929330825805664,121.11994171142578,4.541860103607178,14.606208801269531,72.20675659179688,39.806583404541016,2945.639892578125
2019-05-06,49.769859313964844,376.2799987792969,36.47948455810547,44.9132194519043,12.710186958312988,120.41522216796875,4.463436603546143,14.553871154785156,71.93624114990234,39.57709884643555,2932.469970703125
2019-05-07,48.428218841552734,374.739990234375,36.0245361328125,43.97529602050781,12.523512840270996,117.94393920898438,4.296165943145752,14.525325775146484,71.49183654785156,39.38237380981445,2884.050048828125
2019-05-08,48.43776321411133,372.32000732421875,35.847633361816406,43.991764068603516,12.458582878112793,117.93455505371094,4.316268444061279,14.415897369384766,70.16825866699219,39.20851516723633,2879.419921875
2019-05-09,47.91734313964844,374.3299865722656,36.159339904785156,43.53925704956055,12.353070259094238,117.92514038085938,4.223697662353516,14.453957557678223,71.73336029052734,39.278053283691406,2870.719970703125
2019-05-10,47.2535285949707,377.8900146484375,36.353111267089844,43.90125274658203,12.004066467285156,119.45677947998047,4.189698219299316,14.56814193725586,72.6801528930664,39.57709884643555,2881.39990234375
2019-05-13,44.50718307495117,368.8900146484375,35.620147705078125,42.206424713134766,11.492737770080566,115.90491485595703,3.9323415756225586,14.496774673461914,70.93148803710938,39.4658203125,2811.8701171875
2019-05-14,45.21173095703125,373.1499938964844,36.15091323852539,42.798789978027344,11.55766773223877,117.20166015625,4.02143669128418,14.791755676269531,71.10539245605469,39.32672882080078,2834.409912109375
2019-05-15,45.75334167480469,377.19000244140625,35.79707717895508,43.14434051513672,11.703760147094727,118.85206604003906,3.960385322570801,14.867877960205078,72.10047912597656,39.50754928588867,2850.9599609375
2019-05-16,45.552040100097656,382.19000244140625,36.38681411743164,46.015689849853516,11.793042182922363,121.59654235839844,3.9755232334136963,15.043912887573242,72.8250503540039,39.9039421081543,2876.320068359375
2019-05-17,45.293212890625,386.4100036621094,36.681678771972656,46.361236572265625,11.866085052490234,120.78549194335938,3.8846914768218994,15.129551887512207,72.8154067993164,40.3976936340332,2859.530029296875
2019-05-20,43.87689208984375,377.2900085449219,36.0413818359375,46.08150863647461,11.971597671508789,119.04072570800781,3.7660634517669678,15.315108299255371,75.63642883300781,41.037498474121094,2840.22998046875
2019-05-21,44.71806335449219,379.2099914550781,36.47105026245117,46.501102447509766,12.377418518066406,119.6820297241211,3.8482091426849365,15.41977596282959,74.53507232666016,41.37826156616211,2864.360107421875
2019-05-22,43.802616119384766,378.0799865722656,36.47948455810547,45.8182373046875,11.939135551452637,120.40823364257812,3.777231216430664,15.357924461364746,73.76216888427734,41.204402923583984,2856.27001953125
2019-05-23,43.05491256713867,375.510009765625,35.999267578125,44.58412551879883,11.622598648071289,119.00299835205078,3.6561217308044434,15.291313171386719,73.4337158203125,40.94013214111328,2822.239990234375
2019-05-24,42.88955307006836,375.0,35.94871139526367,44.73222732543945,11.679412841796875,119.0595703125,3.6022675037384033,15.353167533874512,74.65099334716797,41.25308609008789,2826.06005859375
2019-05-28,42.71221923828125,377.0,35.78022003173828,44.37021255493164,11.500853538513184,118.98412322998047,3.5570998191833496,15.191404342651367,73.33709716796875,40.8427848815918,2802.389892578125
2019-05-29,42.508522033691406,375.3699951171875,35.31684875488281,43.75316619873047,11.468385696411133,117.83352661132812,3.4828948974609375,15.181886672973633,73.54963684082031,40.46028518676758,2783.02001953125
2019-05-30,42.72898864746094,379.2200012207031,35.16520690917969,44.07402801513672,11.541434288024902,118.57858276367188,3.4563100337982178,15.158098220825195,73.45301818847656,39.521453857421875,2788.860107421875
2019-05-31,41.9549446105957,376.79998779296875,34.54176712036133,42.8070182800293,11.1356201171875,116.64518737792969,3.3656222820281982,14.549113273620605,70.95081329345703,37.796775817871094,2752.06005859375
2019-06-03,41.53076171875,377.6499938964844,34.50807189941406,42.60133361816406,11.111268997192383,113.02360534667969,3.3238816261291504,14.791755676269531,71.68504333496094,39.20851516723633,2744.449951171875
2019-06-04,43.05012512207031,387.6700134277344,34.878761291503906,43.794288635253906,11.468385696411133,116.15477752685547,3.5529608726501465,14.977303504943848,73.12454986572266,39.09724426269531,2803.27001953125
2019-06-05,43.74510192871094,384.9599914550781,34.79451370239258,45.044857025146484,11.435922622680664,118.67290496826172,3.510225772857666,15.072461128234863,73.70421600341797,39.66053771972656,2826.14990234375
2019-06-06,44.38734817504883,387.30999755859375,34.668148040771484,45.33282470703125,11.354757308959961,120.54972076416016,3.572340726852417,15.272284507751465,73.375732421875,40.01520538330078,2843.489990234375
2019-06-07,45.56881332397461,394.0400085449219,34.946170806884766,46.015689849853516,11.435922622680664,123.92610168457031,3.615074872970581,15.457832336425781,74.41913604736328,39.806583404541016,2873.340087890625
2019-06-10,46.151145935058594,395.4100036621094,34.786102294921875,46.4188346862793,11.573901176452637,125.05781555175781,3.687873125076294,15.191404342651367,74.07134246826172,39.048561096191406,2886.72998046875
2019-06-11,46.68555450439453,391.6400146484375,34.72711944580078,46.98651885986328,11.66634750366211,124.58631134033203,3.745516300201416,15.277044296264648,72.90234375,39.521453857421875,2885.719970703125
2019-06-12,46.53697967529297,391.1600036621094,34.92089080810547,45.958099365234375,11.5681734085083,124.01095581054688,3.632467269897461,15.310345649719238,72.8250503540039,39.890037536621094,2879.840087890625
2019-06-13,46.52738952636719,389.7200012207031,35.12308120727539,46.21315002441406,11.739977836608887,124.79376220703125,3.6836495399475098,15.36268424987793,71.92657470703125,40.07084655761719,2891.639892578125
2019-06-14,46.189491271972656,392.0799865722656,35.645416259765625,45.044857025146484,11.576354026794434,124.9164047241211,3.5937082767486572,15.391228675842285,72.36134338378906,40.52983093261719,2886.97998046875
2019-06-17,46.465087890625,394.07000732421875,35.856048583984375,45.57965087890625,11.699073791503906,125.2936019897461,3.6033976078033447,15.367440223693848,72.71878051757812,40.07780838012695,2889.669921875
2019-06-18,47.557865142822266,395.2099914550781,36.437355041503906,46.114418029785156,11.936326026916504,127.47224426269531,3.7984375953674316,15.434048652648926,73.84913635253906,39.86916732788086,2917.75
2019-06-19,47.418880462646484,397.75,36.34468078613281,46.18024826049805,12.034500122070312,127.9720687866211,3.804401159286499,15.41977596282959,75.62675476074219,40.07780838012695,2926.4599609375
2019-06-20,47.79991912841797,398.7699890136719,36.799625396728516,47.233341217041016,12.27175235748291,129.160400390625,3.828749656677246,15.481626510620117,75.28861999511719,39.87613296508789,2954.179931640625
2019-06-21,47.636959075927734,394.69000244140625,36.69853210449219,46.920692443847656,12.22266674041748,129.17929077148438,3.7706105709075928,15.438807487487793,73.13420104980469,40.17515563964844,2950.4599609375
2019-06-24,47.589027404785156,392.44000244140625,36.73222732543945,47.04411315917969,12.279935836791992,129.94317626953125,3.79297137260437,15.500656127929688,72.9796371459961,40.52288055419922,2945.35009765625
2019-06-25,46.86769104003906,390.9100036621094,36.01611328125,46.139102935791016,12.075406074523926,125.84062194824219,3.763653516769409,15.486381530761719,72.05218505859375,40.33510208129883,2917.3798828125
2019-06-26,47.88139724731445,388.239990234375,35.476924896240234,46.566917419433594,12.239028930664062,126.31216430664062,3.9569544792175293,15.47686767578125,70.56437683105469,39.632728576660156,2913.780029296875
2019-06-27,47.86701965332031,391.4100036621094,35.38426208496094,45.85114288330078,12.247209548950195,126.5196533203125,4.055593013763428,15.690963745117188,70.80590057373047,39.813541412353516,2924.919921875
2019-06-28,47.43085861206055,395.17999267578125,35.620147705078125,45.02840805053711,12.23084831237793,126.34046936035156,4.080437660217285,15.94312858581543,71.62709045410156,39.73008728027344,2941.760009765625
2019-07-01,48.300777435302734,397.739990234375,35.982421875,45.03663635253906,12.386287689208984,127.96268463134766,4.128638744354248,15.905061721801758,71.63674926757812,39.403228759765625,2964.330078125
2019-07-02,48.583560943603516,398.69000244140625,36.31260299682617,45.91697311401367,12.337203979492188,128.81146240234375,4.030745506286621,16.100128173828125,72.92167663574219,40.42551803588867,2973.010009765625
2019-07-03,48.986167907714844,400.0,36.67667007446289,46.76144027709961,12.509008407592773,129.64137268066406,4.043666362762451,16.16674041748047,73.2501449584961,40.42551803588867,2995.820068359375
2019-07-05,48.94303894042969,401.67999267578125,36.64279556274414,46.86079788208008,12.410832405090332,129.26416015625,3.981055974960327,16.318988800048828,73.64625549316406,40.550697326660156,2990.409912109375
2019-07-08,47.93413162231445,399.3999938964844,36.09247589111328,46.5213508605957,12.296299934387207,129.1698455810547,3.906020164489746,16.295196533203125,73.06658935546875,40.258609771728516,2975.949951171875
2019-07-09,48.22648620605469,401.2200012207031,36.3888053894043,46.645538330078125,12.165395736694336,128.6982421875,3.9085049629211426,16.2783260345459,72.60285186767578,39.642295837402344,2979.6298828125
2019-07-10,48.70338439941406,407.2099914550781,37.07459259033203,47.29961013793945,12.083585739135742,130.00918579101562,3.9768314361572266,16.385103225708008,75.96489715576172,40.05693054199219,2993.070068359375
2019-07-11,48.348697662353516,410.25,37.32011413574219,47.44035720825195,11.944509506225586,130.52793884277344,4.131372928619385,16.239500045776367,75.6074447631836,40.000701904296875,2999.909912109375
2019-07-12,48.720157623291016,414.30999755859375,37.79424285888672,47.978511810302734,12.198123931884766,130.99949645996094,4.164417743682861,16.33171272277832,76.75711059570312,40.19044494628906,3013.77001953125
2019-07-15,49.17788314819336,414.6300048828125,37.861976623535156,48.06129837036133,12.239028930664062,130.99949645996094,4.155971050262451,16.3608341217041,76.62185668945312,40.46452713012695,3014.300048828125
2019-07-16,49.00772476196289,414.8399963378906,38.175228118896484,47.70528793334961,12.116310119628906,129.2830352783203,4.151249408721924,16.2977352142334,76.36100769042969,40.34505081176758,3004.0400390625
2019-07-17,48.732147216796875,414.55999755859375,37.61643600463867,47.3658332824707,12.018138885498047,128.51907348632812,4.216594696044922,16.14243507385254,76.2547378540039,40.21152114868164,2984.419921875
2019-07-18,49.285728454589844,415.6199951171875,37.726505279541016,47.80464553833008,12.067224502563477,128.66053771972656,4.228272438049316,16.059919357299805,75.3272705078125,40.204498291015625,2995.110107421875
2019-07-19,48.550010681152344,409.7900085449219,37.303184509277344,47.49003601074219,12.140854835510254,128.84918212890625,4.185040473937988,15.914320945739746,74.80557250976562,39.76879119873047,2976.610107421875
2019-07-22,49.659576416015625,407.8599853515625,37.12539291381836,47.796363830566406,11.699073791503906,130.5561981201172,4.256595134735107,15.593996047973633,75.02778625488281,39.00279998779297,2985.030029296875
2019-07-23,50.04780960083008,407.5299987792969,37.5233154296875,47.77980041503906,11.952690124511719,131.36729431152344,4.364426612854004,15.574577331542969,75.49150848388672,38.98874282836914,3005.469970703125
2019-07-24,50.00706100463867,409.6700134277344,37.98896408081055,47.38240432739258,12.059042930603027,132.71597290039062,4.438965320587158,16.132722854614258,77.87779998779297,39.333091735839844,3019.56005859375
2019-07-25,49.61164474487305,405.5,37.768836975097656,46.87736511230469,11.870878219604492,132.21612548828125,4.3077778816223145,16.40937042236328,77.20150756835938,39.6071662902832,3003.669921875
2019-07-26,49.78419494628906,398.7900085449219,37.78578186035156,46.80284881591797,11.9690523147583,133.30075073242188,4.349767208099365,16.574384689331055,81.3944091796875,40.113155364990234,3025.860107421875
2019-07-29,50.249088287353516,393.6499938964844,37.447113037109375,47.13401412963867,11.993593215942383,133.00836181640625,4.343554973602295,16.666597366333008,79.58780670166016,40.316932678222656,3020.969970703125
2019-07-30,50.03342056274414,394.55999755859375,37.32011413574219,46.753170013427734,11.952690124511719,132.36703491210938,4.359210014343262,16.588943481445312,78.54440307617188,39.796905517578125,3013.179931640625
2019-07-31,51.05431365966797,385.3800048828125,36.54967498779297,45.867286682128906,11.756340980529785,128.51907348632812,4.191997051239014,16.52585220336914,77.0276107788086,38.84115982055664,2980.3798828125
2019-08-01,49.949554443359375,384.3800048828125,36.30414962768555,45.859012603759766,11.5681734085083,130.20730590820312,4.09758186340332,16.559818267822266,76.62185668945312,38.83412170410156,2953.56005859375
2019-08-02,48.8927116394043,384.6600036621094,36.109413146972656,44.08723831176758,10.856410026550293,129.11325073242188,4.004907608032227,16.58409309387207,75.09542083740234,39.06604766845703,2932.050048828125
2019-08-05,46.333274841308594,379.739990234375,35.22889709472656,42.530731201171875,10.55370807647705,124.68997955322266,3.7465100288391113,16.254056930541992,73.60759735107422,38.806026458740234,2844.739990234375
2019-08-06,47.21037673950195,381.989990234375,35.61836624145508,43.54909133911133,10.692789077758789,127.0289306640625,3.7852697372436523,16.48217010498047,74.66065979003906,38.686553955078125,2881.77001953125
2019-08-07,47.69926452636719,375.0299987792969,35.33050537109375,43.333824157714844,10.684608459472656,127.58541107177734,3.8235318660736084,16.530702590942383,73.88777923583984,38.714664459228516,2883.97998046875
2019-08-08,48.75130844116211,380.0299987792969,36.117889404296875,44.012725830078125,11.085485458374023,130.99008178710938,3.9321086406707764,16.76366424560547,75.25965118408203,39.2276725769043,2938.090087890625
2019-08-09,48.349586486816406,379.57000732421875,36.34646224975586,43.40835189819336,10.95458698272705,129.877197265625,3.830737352371216,16.76366424560547,74.89251708984375,39.19955825805664,2918.64990234375
2019-08-12,48.22690200805664,376.2799987792969,35.94855499267578,42.671478271484375,10.700970649719238,128.0663604736328,3.7629082202911377,16.73455047607422,74.3321762084961,39.13631057739258,2882.699951171875
2019-08-13,50.269229888916016,379.3699951171875,36.79520034790039,43.648433685302734,10.962767601013184,130.71656799316406,3.877199411392212,16.918975830078125,74.98912811279297,39.61418533325195,2926.320068359375
2019-08-14,48.77296829223633,375.17999267578125,35.87234878540039,41.901512145996094,10.520981788635254,126.78012084960938,3.728621006011963,16.545265197753906,74.32252502441406,39.15740203857422,2840.60009765625
2019-08-15,48.529998779296875,380.94000244140625,35.85542297363281,38.291725158691406,10.373723983764648,126.49624633789062,3.6963207721710205,16.666597366333008,74.65099334716797,39.56498718261719,2847.60009765625
2019-08-16,49.67506408691406,384.510009765625,36.558135986328125,38.87957000732422,10.47189712524414,128.81459045410156,3.9644086360931396,16.972366333007812,75.1147232055664,39.81096267700195,2888.679931640625
2019-08-19,50.6011962890625,388.4200134277344,37.25238037109375,40.15457534790039,10.72551155090332,130.97206115722656,4.243179798126221,17.17135238647461,75.5784683227539,40.05693054199219,2923.64990234375
2019-08-20,50.603607177734375,391.54998779296875,37.20159149169922,39.682655334472656,10.586435317993164,129.8838653564453,4.170877933502197,16.977218627929688,75.0470962524414,39.54391098022461,2900.510009765625
2019-08-21,51.152069091796875,392.1300048828125,37.345516204833984,40.37811279296875,10.692789077758789,131.33160400390625,4.254359722137451,17.064579010009766,75.5301513671875,39.76879119873047,2924.429931640625
2019-08-22,51.10878372192383,391.0400085449219,37.05766296386719,39.88963317871094,10.840047836303711,130.37586975097656,4.2605719566345215,17.176206588745117,75.15337371826172,39.902320861816406,2922.949951171875
2019-08-23,48.746498107910156,385.510009765625,35.92314910888672,38.58979415893555,10.430989265441895,126.22179412841797,4.03596305847168,16.89956283569336,73.88777923583984,39.297950744628906,2847.110107421875
2019-08-26,49.67265701293945,396.7799987792969,36.70206832885742,38.99546813964844,10.586435317993164,128.17108154296875,4.110751152038574,16.95294952392578,75.41422271728516,39.85312271118164,2878.3798828125
2019-08-27,49.112159729003906,398.489990234375,36.913726806640625,38.73881530761719,10.57824993133545,128.44554138183594,4.020062446594238,16.851030349731445,74.50608825683594,40.18341827392578,2869.159912109375
2019-08-28,49.44172286987305,400.5,37.05766296386719,38.80504608154297,10.938222885131836,128.2752227783203,4.009617805480957,16.967506408691406,74.44811248779297,40.72453689575195,2887.93994140625
2019-08-29,50.27885055541992,407.239990234375,37.39631652832031,39.136226654052734,11.191838264465332,130.6975860595703,4.1533684730529785,17.059722900390625,75.36591339111328,40.71750259399414,2924.580078125
2019-08-30,50.213897705078125,409.5899963378906,37.472511291503906,38.75537872314453,11.306374549865723,130.4516143798828,4.166051864624023,17.113113403320312,75.4045639038086,40.87211990356445,2926.4599609375
2019-09-03,49.482608795166016,411.80999755859375,37.150787353515625,38.498722076416016,11.036396026611328,128.72940063476562,4.082983016967773,17.17135238647461,74.51573944091797,40.78779220581055,2906.27001953125
2019-09-04,50.32215118408203,419.4700012207031,38.539276123046875,39.17761993408203,11.249109268188477,130.23397827148438,4.197141647338867,17.33637237548828,74.97948455810547,40.88616943359375,2937.780029296875
2019-09-05,51.3060302734375,422.04998779296875,39.29280471801758,40.088348388671875,11.7808837890625,132.52394104003906,4.470218181610107,17.418872833251953,75.19202423095703,41.1743049621582,2976.0
2019-09-06,51.30122375488281,425.7200012207031,39.24200439453125,40.436073303222656,11.919965744018555,131.62498474121094,4.44310998916626,17.593599319458008,76.46727752685547,41.504608154296875,2978.7099609375
2019-09-09,51.520137786865234,419.7799987792969,39.30126190185547,40.22081756591797,12.23084831237793,130.12986755371094,4.489120960235596,17.855684280395508,76.44795227050781,41.22349548339844,2978.429931640625
2019-09-10,52.128746032714844,421.3399963378906,39.32667541503906,40.742393493652344,12.439409255981445,128.7672882080078,4.5557732582092285,18.23910140991211,75.72337341308594,41.96138000488281,2979.389892578125
2019-09-11,53.786170959472656,425.0,39.284339904785156,41.42131042480469,12.67022705078125,128.8051300048828,4.584373950958252,18.80209732055664,77.03726959228516,42.25653839111328,3000.929931640625
2019-09-12,53.665897369384766,425.0,39.76692581176758,41.338523864746094,12.661977767944336,130.12986755371094,4.582882404327393,18.627370834350586,76.98896789550781,42.467369079589844,3009.570068359375
2019-09-13,52.62187957763672,425.5199890136719,39.69071960449219,41.42131042480469,12.629008293151855,129.94065856933594,4.5249342918396,18.39926528930664,76.70879364013672,42.1370735168457,3007.389892578125
2019-09-16,52.89851379394531,423.25,39.17427444458008,41.36336135864258,12.464138984680176,129.0038299560547,4.481908798217773,18.108060836791992,76.86338806152344,41.81380081176758,2997.9599609375
2019-09-17,53.09096145629883,425.1499938964844,39.51292037963867,40.907997131347656,12.356972694396973,130.0068359375,4.503295421600342,18.03525733947754,77.4913558959961,42.07382583618164,3005.699951171875
2019-09-18,53.588905334472656,425.4200134277344,39.741519927978516,40.850032806396484,12.150886535644531,131.07611083984375,4.476187229156494,17.84111976623535,77.40440368652344,42.11598205566406,3006.72998046875
2019-09-19,53.15351486206055,427.4200134277344,39.52139663696289,40.7258415222168,12.241565704345703,133.48912048339844,4.400580883026123,18.030406951904297,78.25457000732422,42.15113067626953,3006.7900390625
2019-09-20,52.37651443481445,420.3500061035156,39.25046157836914,41.06529998779297,11.89533805847168,131.9467010498047,4.294882297515869,18.39926528930664,77.85845947265625,42.36898422241211,2992.070068359375
2019-09-23,52.61465835571289,421.510009765625,39.131935119628906,40.9162712097168,11.870606422424316,131.6627960205078,4.348352909088135,18.248807907104492,77.24982452392578,42.31275939941406,2991.780029296875
2019-09-24,52.36448287963867,417.5299987792969,38.70014572143555,40.66788864135742,11.746954917907715,129.99740600585938,4.290903091430664,18.142032623291016,76.670166015625,42.523590087890625,2966.60009765625
2019-09-25,53.17036437988281,416.6600036621094,38.80174255371094,41.073577880859375,12.02723503112793,131.87098693847656,4.432664394378662,18.142032623291016,77.10490417480469,42.354923248291016,2984.8701171875
2019-09-26,52.896114349365234,411.0,38.01436996459961,40.427791595458984,12.060210227966309,132.0413360595703,4.410529613494873,18.142032623291016,76.32235717773438,42.474395751953125,2977.6201171875
2019-09-27,52.63872528076172,406.2099914550781,37.93816375732422,40.436073303222656,12.365214347839355,130.32862854003906,4.271751880645752,18.16629981994629,74.9311752319336,42.376007080078125,2961.7900390625
2019-09-30,53.87759017944336,412.1199951171875,38.16675567626953,40.907997131347656,12.505355834960938,131.55870056152344,4.329204082489014,18.36528968811035,76.10016632080078,42.41817092895508,2976.739990234375
2019-10-01,54.0267333984375,405.6000061035156,37.869056701660156,39.52534866333008,12.076691627502441,129.7040557861328,4.3274617195129395,18.156591415405273,75.54947662353516,42.05977249145508,2940.25
2019-10-02,52.67240524291992,410.75,37.46926498413086,38.54838943481445,11.903580665588379,127.41410064697266,4.303586483001709,17.996431350708008,73.82015991210938,41.39918899536133,2887.610107421875
2019-10-03,53.11983871459961,416.6700134277344,37.47776794433594,39.25746536254883,11.953042030334473,128.95651245117188,4.509265899658203,18.049823760986328,74.41913604736328,41.469444274902344,2910.6298828125
2019-10-04,54.608882904052734,427.7200012207031,38.030662536621094,39.641197204589844,11.870606422424316,130.6975860595703,4.5256805419921875,18.205129623413086,75.34659576416016,42.09490966796875,2952.010009765625
2019-10-07,54.620914459228516,430.0400085449219,37.92859649658203,39.84974670410156,11.829390525817871,129.7513885498047,4.584373950958252,18.277929306030273,75.81999206542969,42.34086608886719,2938.7900390625
2019-10-08,53.98102951049805,428.07000732421875,37.52029800415039,38.698551177978516,11.417214393615723,128.3792724609375,4.4077935218811035,18.190568923950195,74.97948455810547,41.96841049194336,2893.06005859375
2019-10-09,54.61369705200195,429.2799987792969,37.749961853027344,39.07394027709961,11.598572731018066,130.81117248535156,4.49434232711792,18.311777114868164,75.15337371826172,42.05006790161133,2919.39990234375
2019-10-10,55.34980010986328,426.92999267578125,37.85203552246094,38.49834442138672,11.631546974182129,131.62498474121094,4.552043437957764,18.494647979736328,75.64608764648438,42.483211517333984,2938.1298828125
2019-10-11,56.8220100402832,423.1600036621094,38.745174407958984,38.840354919433594,11.829390525817871,132.17379760742188,4.6256585121154785,18.5737247467041,76.83439636230469,42.5542106628418,2970.27001953125
2019-10-14,56.74021530151367,422.9599914550781,38.47298049926758,38.414920806884766,12.323999404907227,132.05078125,4.639089107513428,18.519359588623047,75.96489715576172,42.319889068603516,2966.14990234375
2019-10-15,56.60791015625,432.9200134277344,38.84724426269531,38.67352294921875,12.480623245239258,133.9622039794922,4.883814811706543,18.731884002685547,77.03726959228516,42.99446487426758,2995.679931640625
2019-10-16,56.37937927246094,438.1000061035156,38.78770065307617,39.0322265625,12.439409255981445,132.86459350585938,4.830093860626221,18.677513122558594,77.29813385009766,42.80984115600586,2989.68994140625
2019-10-17,56.59828567504883,441.92999267578125,39.06840515136719,39.2324333190918,12.538330078125,132.18328857421875,4.832083702087402,18.687400817871094,78.3028793334961,42.89505386352539,2997.949951171875
2019-10-18,56.870113372802734,440.04998779296875,38.7621955871582,38.965492248535156,12.653738975524902,130.0258026123047,4.737576007843018,19.013601303100586,78.83424377441406,43.349483489990234,2986.199951171875
2019-10-21,57.85639953613281,438.1600036621094,39.19600296020508,39.53274917602539,13.164834022521973,130.99095153808594,4.874861240386963,18.894981384277344,79.30762481689453,43.13646697998047,3006.719970703125
2019-10-22,57.724098205566406,437.2300109863281,38.93231201171875,39.66621398925781,13.148346900939941,129.0416717529297,4.8649139404296875,18.865331649780273,78.90185546875,43.150672912597656,2995.989990234375
2019-10-23,58.49868392944336,435.55999755859375,38.88977813720703,39.249114990234375,13.206053733825684,129.86492919921875,4.8519792556762695,18.652807235717773,78.60237884521484,43.22877883911133,3004.52001953125
2019-10-24,58.59492111206055,435.07000732421875,38.1412467956543,38.7152214050293,13.098888397216797,132.4198455810547,4.896002769470215,18.19809913635254,78.71830749511719,43.01576614379883,3010.2900390625
2019-10-25,59.316585540771484,462.19000244140625,38.830238342285156,39.12399673461914,13.32146167755127,133.16732788085938,5.087007522583008,18.24258041381836,78.85356140136719,42.866641998291016,3022.550048828125
2019-10-28,59.9107666015625,467.0899963378906,38.65161895751953,39.349220275878906,13.544034004211426,136.44142150878906,5.142964839935303,19.023487091064453,79.59745025634766,42.73173522949219,3039.419921875
2019-10-29,58.525150299072266,464.07000732421875,38.57504653930664,39.407623291015625,13.568761825561523,135.154541015625,5.046717166900635,18.810962677001953,78.99846649169922,42.73882293701172,3036.889892578125
2019-10-30,58.51792907714844,468.7799987792969,38.01365280151367,39.67456817626953,13.445113182067871,136.8388671875,5.048706531524658,18.880157470703125,80.44763946533203,43.186161041259766,3046.77001953125
2019-10-31,59.840999603271484,467.8599853515625,38.124229431152344,39.632843017578125,13.527544975280762,135.66551208496094,4.999462127685547,19.023487091064453,79.85830688476562,42.937660217285156,3037.56005859375
2019-11-01,61.539329528808594,476.4800109863281,38.06468963623047,39.2324333190918,13.601736068725586,135.99668884277344,5.038509368896484,19.25084114074707,79.67474365234375,42.866641998291016,3066.909912109375
2019-11-04,61.943458557128906,473.5,37.33316421508789,39.60782241821289,13.725391387939453,136.78207397460938,5.23523473739624,19.22118377685547,78.17729187011719,42.51161193847656,3078.27001953125
2019-11-05,61.854454040527344,473.25,37.66489791870117,39.84140396118164,13.873773574829102,136.6969451904297,5.213099479675293,19.359575271606445,78.70864868164062,42.24888610839844,3074.6201171875
2019-11-06,61.880924224853516,469.0299987792969,37.61387252807617,40.266845703125,13.964452743530273,136.31838989257812,5.163856506347656,19.39911651611328,79.0854263305664,42.696224212646484,3076.780029296875
2019-11-07,62.59511184692383,468.44000244140625,38.022159576416016,40.3919792175293,14.162294387817383,136.50767517089844,5.181512832641602,19.483137130737305,79.0854263305664,42.98025894165039,3085.179931640625
2019-11-08,62.76642608642578,469.75,38.4389533996582,40.73400115966797,14.368380546569824,138.11631774902344,5.1675872802734375,19.46336555480957,78.19660949707031,42.14238357543945,3093.080078125
2019-11-11,63.26346206665039,473.5,38.489990234375,40.125030517578125,14.393112182617188,138.2582550048828,5.177535533905029,19.45842742919922,76.92134857177734,42.326988220214844,3087.010009765625
2019-11-12,63.2055549621582,474.07000732421875,38.47298049926758,40.350257873535156,14.294190406799316,139.1666717529297,5.213099479675293,19.359575271606445,74.80557250976562,42.121070861816406,3091.840087890625
2019-11-13,63.81116485595703,480.1600036621094,38.447471618652344,40.42533874511719,14.203514099121094,139.39378356933594,5.1872334480285645,19.354633331298828,75.3272705078125,42.18497848510742,3094.0400390625
2019-11-14,63.369606018066406,479.9700012207031,38.66011047363281,37.463932037353516,14.038643836975098,140.10348510742188,5.21757698059082,19.25084114074707,74.23558044433594,42.1352653503418,3096.6298828125
2019-11-15,64.1224136352539,475.6000061035156,37.903072357177734,37.614097595214844,14.203514099121094,141.9108428955078,5.0782999992370605,19.522680282592773,75.42388916015625,42.25598907470703,3120.4599609375
2019-11-18,64.44571685791016,474.07000732421875,37.94559860229492,37.66413879394531,14.244731903076172,142.26087951660156,5.279503345489502,19.586931228637695,75.5398178100586,42.2062873840332,3122.030029296875
2019-11-19,64.25029754638672,478.9700012207031,38.115726470947266,37.93108367919922,14.376626014709473,142.3082733154297,5.172810077667236,18.781309127807617,74.54473114013672,42.24888610839844,3120.179931640625
2019-11-20,63.5023307800293,479.0799865722656,37.61387252807617,37.605751037597656,14.112834930419922,142.0614013671875,5.2521467208862305,18.376026153564453,75.00845336914062,42.23468017578125,3108.4599609375
2019-11-21,63.21760940551758,474.6499938964844,37.73295593261719,37.405540466308594,14.079862594604492,141.92848205566406,5.227275848388672,18.58361053466797,75.06641387939453,42.326988220214844,3103.5400390625
2019-11-22,63.1621208190918,468.5,38.10722732543945,37.41387176513672,14.112834930419922,142.03294372558594,5.244933605194092,18.657747268676758,75.9262466430664,42.42640686035156,3110.2900390625
2019-11-25,64.26959991455078,466.05999755859375,36.873844146728516,37.914398193359375,14.384869575500488,143.59002685546875,5.501596927642822,18.415565490722656,75.35625457763672,42.16368103027344,3133.639892578125
2019-11-26,63.76771545410156,467.30999755859375,37.0439567565918,37.797611236572266,13.164834022521973,144.34967041015625,5.39689302444458,18.484760284423828,75.7909927368164,42.525821685791016,3140.52001953125
2019-11-27,64.62425994873047,473.7799987792969,37.78398513793945,37.73922348022461,13.14010238647461,144.6250457763672,5.431735992431641,18.613265991210938,76.30303955078125,42.674922943115234,3153.6298828125
2019-11-29,64.4819107055664,470.010009765625,37.5543327331543,37.797611236572266,13.049426078796387,143.7324676513672,5.394402980804443,18.474876403808594,75.88761138916016,42.77433395385742,3140.97998046875
2019-12-02,63.736385345458984,470.3299865722656,37.11200714111328,37.28874206542969,12.991721153259277,141.99493408203125,5.207985877990723,18.445220947265625,75.00845336914062,42.57551956176758,3113.8701171875
2019-12-03,62.59994888305664,469.8599853515625,37.1290283203125,36.938392639160156,12.86806869506836,141.76705932617188,5.168412685394287,18.558897018432617,75.36591339111328,42.70332717895508,3093.199951171875
2019-12-04,63.152469635009766,462.04998779296875,37.00994110107422,36.61304473876953,12.975234985351562,142.27976989746094,5.212216854095459,18.830734252929688,75.68474578857422,42.98025894165039,3112.760009765625
2019-12-05,64.0789566040039,467.2699890136719,37.460750579833984,36.30440139770508,13.131860733032227,142.35574340820312,5.195293426513672,18.87521743774414,74.3321762084961,43.186161041259766,3117.429931640625
2019-12-06,65.31675720214844,467.8500061035156,37.63088607788086,36.57133865356445,13.115373611450195,144.0838165283203,5.280660152435303,18.880157470703125,75.10507202148438,43.44890594482422,3145.909912109375
2019-12-09,64.40231323242188,468.6600036621094,37.33316421508789,36.62139129638672,13.098888397216797,143.71347045898438,5.280660152435303,18.80107879638672,73.29845428466797,43.321083068847656,3135.9599609375
2019-12-10,64.77870178222656,461.7099914550781,36.380489349365234,36.78822708129883,13.157029151916504,143.49513244628906,5.325709819793701,18.810962677001953,72.47726440429688,43.4773063659668,3132.52001953125
2019-12-11,65.33121490478516,465.8699951171875,35.785064697265625,36.938392639160156,13.181947708129883,144.03631591796875,5.409336566925049,18.865331649780273,72.0908203125,43.37080001831055,3141.6298828125
2019-12-12,65.49769592285156,469.6000061035156,36.584632873535156,38.09792709350586,13.622177124023438,145.49853515625,5.576837539672852,18.954296112060547,72.35166931152344,43.434696197509766,3168.570068359375
2019-12-13,66.38801574707031,475.2699890136719,37.069488525390625,37.78925704956055,13.314851760864258,146.72335815429688,5.574847221374512,18.909812927246094,72.91200256347656,43.1790771484375,3168.800048828125
2019-12-16,67.52446746826172,470.2300109863281,37.026947021484375,38.35652160644531,13.356378555297852,147.67283630371094,5.603716850280762,19.07291603088379,72.91200256347656,43.4773063659668,3191.449951171875
2019-12-17,67.65715789794922,471.1300048828125,36.90786361694336,38.74026107788086,13.157029151916504,146.87525939941406,5.6818695068359375,19.02843475341797,72.93133544921875,43.661922454833984,3192.52001953125
2019-12-18,67.4954833984375,466.5199890136719,36.73775100708008,38.90709686279297,13.215173721313477,146.57142639160156,5.7122344970703125,19.147050857543945,73.7235336303711,43.214569091796875,3191.139892578125
2019-12-19,67.56306457519531,475.6700134277344,37.120513916015625,39.94150161743164,13.073968887329102,147.84376525878906,5.86032247543335,19.240957260131836,74.60269927978516,43.171974182128906,3205.3701171875
2019-12-20,67.4231185913086,476.2200012207031,37.50328826904297,39.58280944824219,12.941067695617676,149.4578399658203,5.95763635635376,19.349689483642578,74.77659606933594,44.07374954223633,3221.219970703125
2019-12-23,68.52336120605469,480.7200012207031,37.51179504394531,40.125030517578125,13.157029151916504,149.4578399658203,5.9439496994018555,19.310150146484375,74.35150146484375,43.5980110168457,3224.010009765625
2019-12-24,68.5885009765625,480.8599853515625,37.877559661865234,39.85809326171875,13.223478317260742,149.42941284179688,5.938970565795898,19.25578498840332,74.69930267333984,43.51280212402344,3223.3798828125
2019-12-26,69.9493179321289,485.7300109863281,38.25182342529297,39.91647720336914,13.25670337677002,150.65419006347656,5.953158378601074,19.354633331298828,74.77659606933594,43.5198974609375,3239.909912109375
2019-12-27,69.92276763916016,483.69000244140625,38.36240005493164,39.84974670410156,13.206865310668945,150.92958068847656,5.895415782928467,19.394176483154297,74.62201690673828,43.6903190612793,3240.02001953125
2019-12-30,70.3377685546875,483.0799865722656,38.430450439453125,39.699588775634766,13.10719108581543,149.6287384033203,5.782172679901123,19.295324325561523,75.43354034423828,43.463104248046875,3221.2900390625
